id;first_name;last_name;relationshipx;relationship_others;image;image_content_type
1;Braeden;Littel;SPOUSE;copying monitor parse;../fake-data/blob/hipster.png;image/png
2;Marquise;Murray;OTHERS;markets Engineer application;../fake-data/blob/hipster.png;image/png
3;Juston;Erdman;OTHERS;Chicken Mayotte;../fake-data/blob/hipster.png;image/png
4;Donny;Prosacco;PARENT;e-business Security Kip;../fake-data/blob/hipster.png;image/png
5;Peyton;Johns;SPOUSE;driver;../fake-data/blob/hipster.png;image/png
6;Ulices;Mosciski;GRAND_PARENT;Legacy revolutionary Pa'anga;../fake-data/blob/hipster.png;image/png
7;Ted;Willms;CHILD;Borders French Guiana generating;../fake-data/blob/hipster.png;image/png
8;Alta;Dietrich;SPOUSE;Avon;../fake-data/blob/hipster.png;image/png
9;Dante;Christiansen;GRAND_PARENT;Cambridgeshire Bahrain mindshare;../fake-data/blob/hipster.png;image/png
10;Modesta;Orn;OTHERS;Accounts Agent transition;../fake-data/blob/hipster.png;image/png
