id;work_day_no;username;designation;last_name;first_name
1;calculate Investment Account;Soft Investment Account port;innovative Realigned;Kling;Carey
2;Granite frame;Tuna;California override;Wuckert;Rogers
3;Home;bandwidth-monitored Sleek;monitor payment Switchable;Barrows;Everette
4;Berkshire reinvent;orchestrate Unbranded Granite Bacon Germany;internet solution Games Singapore;White;Kelli
5;Berkshire;Plastic;Concrete;Herman;Marcelina
6;lime payment portals;Factors;deposit Decentralized Home Loan Account;Wilkinson;Carol
7;ROI Sausages rich;payment Expressway;infrastructures 24 hour Sleek;Nicolas;Johann
8;Illinois Ergonomic Steel Bike Peso Uruguayo Uruguay Peso en Unidades Indexadas;initiatives bluetooth Officer;Digitized;Kemmer;Stephen
9;Shoes purple white;back up Bedfordshire deliverables;Kids Checking Account;Bednar;Susana
10;Rustic;Profound reinvent;deposit;D'Amore;Lionel
